baby shop,babyshop
baby,babyshop
bebe,babyshop
bb,babyshop
shab,babyshop
,
candle,candelite
candel,candelite
candelite,candelite
sandal,candelite
,
emacs,emax
,
,
first,fitness first
fitness,fitness first
,
foot,food mark
food,food mark
,
,
city,funcity
fun,funcity
,
box,home box
home,home centre
home,home centre
,
centre.,centrepoint
point,centrepoint
central.,centrepoint
central.,centrepoint
central.,centrepoint
,
other,other hospitality division
,
iconic,iconic
eye,iconic
,
,
koton,koton
cotton,koton
kitten,koton
,
lifestyle,lifestyle
style,lifestyle
live,lifestyle
tile,lifestyle
,
lip,lipsy
ispsy,lipsy
hipsy,lipsy
lipsy,lipsy
lips,lipsy
max,max
maths,max
maps,max
look,new look
new look,new look
,
freeze,reiss
race,reiss
yeast,reiss
lease,reiss
least,reiss
rice,reiss
forest,reiss
,
sara,sarah
sir,sarah
,
,
express,shoexpress
,
/,splash
splash,splash
lash,splash
one,sports one
sports,sports one
sportsone,sports one
london,yours london
,
,
clinics,icare clinics
eye,icare clinics
,
mour,shoe mart
mart,shoe mart
sumit,shoe mart
,
,
,
smi,smi
sy,smi
total,hospitality division total
