srp,srp
shukran revenue penetration,srp
shukran revenue,srp
shukran penetration revenue,srp
ssrp,srp
recipe,srp
sukran revenue presentation,srp
sukran revenue penetration,srp
sukran revenue,srp
sukran penetration revenue,srp
srk,srp
srv,srp
average members spend,ams
average members friend,ams
average member friend,ams
average member spend,ams
members spend,ams
average members spent,ams
average member spent,ams
member spent,ams
average member,ams
,
,
number of shukran members,members
shukran members,members
members,members
member,members
shukran member,members
number of shukran member,members
number,members
,
ams,ams
a m s,ams
a ms,ams
ems,ams
ee mm ss,ams
ms,ams
average spend,ams
average spent,ams
famous,ams
atv,atv
average transaction value,atv
transaction value,atv
etv,atv
e tv,atv
tv,atv
8,atv
,
unit per transaction,upt
units per transaction,upt
you pt,upt
your pt,upt
upt,upt
transaction per units,upt
transaction per unit,upt
unit for transaction,upt
units for transaction,upt
u p t,upt
up,upt
new percentage,new customer percentage
new percentage of customers,new customer percentage
new customer,new customer percentage
percentage of new customers,new customer percentage
new customers,new customer percentage
percentage of new customer,new customer percentage
percentage of new customer,new  customer percentage
,
existing customers,existing customer percentage
percentage of existing customers,existing customer percentage
percentage of existing customer,existing customer percentage
existing customer percentage,existing customer percentage
current customer percentage,existing customer percentage
percentage of current customers,existing customer percentage
percentage of current customer,existing customer percentage
percentage of present customers,existing customer percentage
percentage of present customer,existing customer percentage
current customers percentage,existing customer percentage
existing customer,existing customer percentage
testing customers,existing customer percentage
testing customer,existing customer percentage
,
percentage of customers who have churned,churn percentage
term percentage,churn percentage
churn percentage,churn percentage
turn percentage,churn percentage
percentage of customer who have churned,churn percentage
churn percentage,churn percentage
churn rate,churn percentage
churn,churn percentage
chand percentage,churn percentage
percentage of customer who have turned,churn percentage
percentage of customer who have chand,churn percentage
churn rate for,churn percentage
chand,churn percentage
chart,churn percentage
,
repeat customer,repeat customer percentage
repeat customers percentage,repeat customer percentage
percentage of repeat customers,repeat customer percentage
percentage of repeat customer,repeat customer percentage
percentage of repeating customer,repeat customer percentage
percentage of repeating customers,repeat customer percentage
repeat revenue,repeat revenue percentage
repeat evenue percentage,repeat revenue percentage
repeated revenue percentage,repeat revenue percentage
repeated revenue,repeat revenue percentage
repeated renew,repeat revenue percentage
repeated re new,repeat revenue percentage
repeated avenue,repeat revenue percentage
repeat renew,repeat revenue percentage
repeat re new,repeat revenue percentage
repeat new,repeat revenue percentage
repeater revenue,repeat revenue percentage
,
gold customer,gold customer
gold customers,gold customer
gold customer percent,gold customer
,
gold revenue percentage,gold revenue percentage
gold revenue percentage,gold revenue percentage
revenue from gold customer,gold revenue percentage
revenue from gold customers,gold revenue percentage
gold revenue,gold revenue percentage
,
vintage customer,vintage customer
vintage customers,vintage customer
wintage customer,vintage customer
wintage customers,vintage customer
customer vintage,vintage customer
customers vintage,vintage customer
,
vintage revenue,vintage revenue
wintage revenue,vintage revenue
revenue from vintage,vintage revenue
revenue for vintage,vintage revenue
vintage review,vintage revenue
offline customer percentage,offline customer percentage
customers who buy from store,offline customer percentage
customers from store,offline customer percentage
customer from store,offline customer percentage
buy from store,offline customer percentage
customer buy from store,offline customer percentage
offline customer,offline customer percentage
offline active,offline customer percentage
orphan,offline customer percentage
,
,
revenue from offline customers,store revenue
revenue from offline customer,store revenue
store revenue,store revenue
offline customers revenue,store revenue
offline customer revenue,store revenue
offline revenue,store revenue
,
,
percentage of customers who buy online,online active customers
percentage of customer who buy online,online active customers
percentage of online customers,online active customers
percentage of online customer,online active customers
percentage of customers online,online active customers
percentage of customer online,online active customers
online customers,online active customers
online customer,online active customers
online active customers,online active customers
online active customer,online active customers
online customers,online active customers
online customer,online active customers
customer who buy online,online active customers
customers who buy online,online active customers
,
revenue percenatage from online customers,online revenue
revenue percenatage from online customer,online revenue
percenatage of revenue from online customers,online revenue
percenatage of revenue from online customer,online revenue
online revenue percentage,online revenue
,
customers having valid phone number,valid mobile customer
customer having valid phone number,valid mobile customer
customers with valid phone number,valid mobile customer
customer with valid phone number,valid mobile customer
customers with valid number,valid mobile customer
customer with valid number,valid mobile customer
valid mobile customer,valid mobile customer
valid mobile customers,valid mobile customer
customers having valid number,valid mobile customer
customers having valid number,valid mobile customer
phone,valid mobile customer
,
,
customers having valid email,valid email customer
customer having valid email,valid email customer
customers with valid email,valid email customer
customer with valid email,valid email customer
customers with valid email,valid email customer
customer with valid email,valid email customer
valid email customer,valid email customer
valid email customers,valid email customer
mail,valid email customer
male,valid email customer
enrollment,enrollment
enrollments,enrollment
elements,enrollment
,
,
percentage of high value customer,high value customer
high balu customer,high value customer
high balue customer,high value customer
high value customer,high value customer
,
,
revenue from high value customer,high value revenue
high value revenue,high value revenue
,
,
,
omni channel revenue,omnichannel revenue
omnichannel revenue,omnichannel revenue
channel revenue,omnichannel revenue
,
,
omni channel customer,omnichannel customer
omnichannel customer,omnichannel customer
channel customer,omnichannel customer
,
,
shukran active customer,shukran active customer
shukran active,shukran active customer
sukran active customer,shukran active customer
sukran active,shukran active customer
shukran app,shukran active customer
shukran application,shukran active customer
sukran app,shukran active customer
sukran application,shukran active customer
Sukran at to customers,shukran active customer
download,mobile app customer
