metricname,conceptname,summary
srp,smi,Highest increase of SRP is in Oman by 15 percent and Highest decrease of SRP is in  KSA by 28 percent
ams,smi,Highest increase of AMS is in Bahrain by 21.35 percent and Highest decrease of AMS is in  KSA by 7.38 percent
high value revenue,smi,Maximum revenue  generated by high value customer is 33.13 percent in UAE and minimum revenue  generated by high value customer is 27.21 percent in Kuwait 
repeat customer percentage,smi,Maximum Repeat customers are from Qatar that is 18.45 percent who contributes to 34 percent of total revenue  and Minimum Repeat customers are from KSA that is 8.96 percent who contributes to 17 percent of total revenue
churn percentage,smi,Maximum number of churned  customers are from  KSA that is 95.38 percent and Minimum number of churned  customers are from Qatar that is 85.45 percent
atv,smi,Highest increase of ATV is in Bahrain by 25.42 percent and Highest decrease of ATV is in Kuwait by 5.5 percent 
,,
,,--------------------------SUMMARY of Shoe Mart -------------------------------
srp,shoe mart,Highest increase of SRP is in Qatar by 20 percent and Highest decrease of SRP is in  KSA by 3 percent
ams,shoe mart,Highest increase of AMS is in Qatar by 13.27 percent and Highest decrease of AMS is in  UAE by 15.53 percent
high value revenue,shoe mart,Maximum revenue  generated by high value customer is 37.48 percent in UAE and minimum revenue  generated by high value customer is 34.24 percent in Bahrain 
repeat customer percentage,shoe mart,Maximum Repeat customers are from UAE that is 30.31 percent who contributes to 53 percent of total revenue and Minimum Repeat customers are from Lebanon that is 17.16 percent who contributes to 34 percent of total revenue
churn percentage,shoe mart,Maximum number of churned  customers are from  Lebanon that is 85.61 percent and Minimum number of churned  customers are from UAE that is 67.51 percent
atv,shoe mart,Highest increase of ATV is in Qatar by 16.28 percent and Highest decrease of ATV is in UAE by 12.01 percent 
,,
,,--------------------------SUMMARY of Centrepoint -------------------------------
srp,centrepoint,Highest increase of SRP is in Qatar by 18 percent and Highest decrease of SRP is in  UAE by 5 percent
ams,centrepoint,Highest increase of AMS is in Egypt by 34.48 percent and Highest decrease of AMS is in  Bahrain by 4.44 percent
high value revenue,centrepoint,Maximum revenue  generated by high value customer is 46.7 percent in Qatar and minimum revenue  generated by high value customer is 39.08 percent in KSA 
repeat customer percentage,centrepoint,Maximum Repeat customers are from Kuwait that is 52.77 percent who contributes to 79 percent of total revenue and Minimum Repeat customers are from Egypt that is 24.64 percent who contributes to 45 percent of total revenue
churn percentage,centrepoint,Maximum number of churned  customers are from  Egypt that is 86.97 percent and Minimum number of churned  customers are from Oman that is 50.69 percent
atv,centrepoint,Highest increase of ATV is in Egypt by 25.66 percent and Highest decrease of ATV is in Bahrain by 2.75 percent 
,,
,,--------------------------SUMMARY of Babyshop -------------------------------
srp,babyshop,Highest increase of SRP is in Qatar by 17 percent and Highest decrease of SRP is in  KSA by 1 percent
ams,babyshop,Highest increase of AMS is in Egypt by 40.42 percent and Highest decrease of AMS is in  UAE by 9.49 percent
high value revenue,babyshop,Maximum revenue  generated by high value customer is 46.89 percent in UAE and minimum revenue  generated by high value customer is 40.54 percent in KSA 
repeat customer percentage,babyshop,Maximum Repeat customers are from UAE that is 48.27 percent who contributes to 79 percent of total revenue and Minimum Repeat customers are from Egypt that is 23.17 percent who contributes to 43 percent of total revenue
churn percentage,babyshop,Maximum number of churned  customers are from  Egypt that is 87.53 percent and Minimum number of churned  customers are from Bahrain that is 51.26 percent
atv,babyshop,Highest increase of ATV is in Egypt by 25.52 percent and Highest decrease of ATV is in UAE by 10.64 percent 
,,
,,--------------------------SUMMARY of Home Centre -------------------------------
srp,home centre,Highest increase of SRP is in Qatar by 10 percent and Highest decrease of SRP is in  KSA by 6 percent
ams,home centre,Highest increase of AMS is in Egypt by 19.41 percent and Highest decrease of AMS is in  Lebanon by 27.79 percent
high value revenue,home centre,Maximum revenue  generated by high value customer is 71.02 percent in Egypt and minimum revenue  generated by high value customer is 60.93 percent in Kuwait 
repeat customer percentage,home centre,Maximum Repeat customers are from Qatar that is 38.75 percent who contributes to 78 percent of total revenue and Minimum Repeat customers are from Egypt that is 28.22 percent who contributes to 63 percent of total revenue
churn percentage,home centre,Maximum number of churned  customers are from  Egypt that is 88.07 percent and Minimum number of churned  customers are from Oman that is 68.78 percent
atv,home centre,Highest increase of ATV is in Qatar by 6.87 percent and Highest decrease of ATV is in Lebanon by 19.98 percent 
,,
,,--------------------------SUMMARY of Lifestyle -------------------------------
srp,lifestyle,Highest increase of SRP is in Qatar by 19 percent and Highest decrease of SRP is in  KSA by 3 percent
ams,lifestyle,Highest increase of AMS is in Lebanon by 7.46 percent and Highest decrease of AMS is in  Egypt by 77.71 percent
high value revenue,lifestyle,Maximum revenue  generated by high value customer is 48.56 percent in Qatar and minimum revenue  generated by high value customer is 38.74 percent in Bahrain 
repeat customer percentage,lifestyle,Maximum Repeat customers are from UAE that is 35.37 percent who contributes to 63 percent of total revenue and Minimum Repeat customers are from Lebanon that is 19.43 percent who contributes to 40 percent of total revenue
churn percentage,lifestyle,Maximum number of churned  customers are from  Egypt that is 100 percent and Minimum number of churned  customers are from Oman that is 62.6 percent
atv,lifestyle,Highest increase of ATV is in Lebanon by 11.3 percent and Highest decrease of ATV is in Egypt by 71.14 percent 
,,
,,--------------------------SUMMARY of Max -------------------------------
srp,max,Highest increase of SRP is in Qatar by 13 percent and Highest decrease of SRP is in  KSA by 4 percent
ams,max,Highest increase of AMS is in Egypt by 51.72 percent and Highest decrease of AMS is in  UAE by 0.47 percent
high value revenue,max,Maximum revenue  generated by high value customer is 40.82 percent in Qatar and minimum revenue  generated by high value customer is 36.38 percent in Oman 
repeat customer percentage,max,Maximum Repeat customers are from KSA that is 48.31 percent who contributes to 74 percent of total revenue and Minimum Repeat customers are from Egypt that is 30.59 percent who contributes to 55 percent of total revenue
churn percentage,max,Maximum number of churned  customers are from  Egypt that is 81.4 percent and Minimum number of churned  customers are from Bahrain that is 52.2 percent
atv,max,Highest increase of ATV is in Egypt by 25.1 percent and Highest decrease of ATV is in Oman by 1.34 percent 
,,
,,--------------------------SUMMARY of Splash -------------------------------
srp,splash,Highest increase of SRP is in Qatar by 16 percent and Highest decrease of SRP is in  Egypt by 2 percent
ams,splash,Highest increase of AMS is in Egypt by 28.51 percent and Highest decrease of AMS is in  KSA by 4.51 percent
high value revenue,splash,Maximum revenue  generated by high value customer is 39.91 percent in Egypt and minimum revenue  generated by high value customer is 37.42 percent in Bahrain 
repeat customer percentage,splash,Maximum Repeat customers are from Kuwait that is 39.87 percent who contributes to 65 percent of total revenue and Minimum Repeat customers are from Egypt that is 19.75 percent who contributes to 39 percent of total revenue
churn percentage,splash,Maximum number of churned  customers are from  Egypt that is 89.88 percent and Minimum number of churned  customers are from Kuwait that is 62.67 percent
atv,splash,Highest increase of ATV is in Egypt by 25.08 percent and Highest decrease of ATV is in Bahrain by 1.21 percent 
,,
,,--------------------------SUMMARY of Center Point -------------------------------
srp,centrepoint,Highest increase of SRP is in Oman by 72 percent and Highest decrease of SRP is in  UAE by 6 percent
ams,centrepoint,Highest increase of AMS is in Oman by -199.17 percent and Highest decrease of AMS is in  KSA by 423.74 percent
high value revenue,centrepoint,Maximum revenue  generated by high value customer is 113.04 percent in Kuwait and minimum revenue  generated by high value customer is 36.75 percent in KSA 
repeat customer percentage,centrepoint,Maximum Repeat customers are from KSA that is 2.73 percent who contributes to 0 percent of total revenue and Minimum Repeat customers are from UAE that is 2.38 percent who contributes to 0 percent of total revenue
churn percentage,centrepoint,Maximum number of churned  customers are from  OM that is 100 percent and Minimum number of churned  customers are from Oman that is 100 percent
atv,centrepoint,Highest increase of ATV is in Oman by -288.89 percent and Highest decrease of ATV is in Kuwait by 375.78 percent 
,,
,,--------------------------SUMMARY of Fitness First -------------------------------
srp,fitness first,Highest increase of SRP is in  by  percent and Highest decrease of SRP is in   by  percent
ams,fitness first,Highest increase of AMS is in Qatar by -7.01 percent and Highest decrease of AMS is in  KSA by 49.11 percent
high value revenue,fitness first,Maximum revenue  generated by high value customer is 37.41 percent in UAE and minimum revenue  generated by high value customer is 29.13 percent in Kuwait 
repeat customer percentage,fitness first,Maximum Repeat customers are from Bahrain that is 43.91 percent who contributes to 54 percent of total revenue and Minimum Repeat customers are from KSA that is 19.75 percent who contributes to 34 percent of total revenue
churn percentage,fitness first,Maximum number of churned  customers are from  KSA that is 94.4 percent and Minimum number of churned  customers are from Bahrain that is 76.07 percent
atv,fitness first,Highest increase of ATV is in Qatar by 11.97 percent and Highest decrease of ATV is in KSA by 29.58 percent 
,,
,,--------------------------SUMMARY of Shoexpress -------------------------------
srp,shoexpress,Highest increase of SRP is in Qatar by 13 percent and Highest decrease of SRP is in  KSA by 8 percent
ams,shoexpress,Highest increase of AMS is in Qatar by 6.29 percent and Highest decrease of AMS is in  KSA by 7.44 percent
high value revenue,shoexpress,Maximum revenue  generated by high value customer is 32.67 percent in UAE and minimum revenue  generated by high value customer is 30.34 percent in Bahrain 
repeat customer percentage,shoexpress,Maximum Repeat customers are from Oman that is 26.01 percent who contributes to 45 percent of total revenue and Minimum Repeat customers are from KSA that is 20.61 percent who contributes to 36 percent of total revenue
churn percentage,shoexpress,Maximum number of churned  customers are from  KSA that is 84.8 percent and Minimum number of churned  customers are from Oman that is 73.6 percent
atv,shoexpress,Highest increase of ATV is in Bahrain by 9.02 percent and Highest decrease of ATV is in KSA by 6.18 percent 
,,
,,--------------------------SUMMARY of Emax -------------------------------
srp,emax,Highest increase of SRP is in  by  percent and Highest decrease of SRP is in   by  percent
ams,emax,Highest increase of AMS is in Oman by 17.92 percent and Highest decrease of AMS is in  UAE by 5.28 percent
high value revenue,emax,Maximum revenue  generated by high value customer is 53.22 percent in Oman and minimum revenue  generated by high value customer is 43.9 percent in UAE 
repeat customer percentage,emax,Maximum Repeat customers are from UAE that is 22.55 percent who contributes to 48 percent of total revenue and Minimum Repeat customers are from Qatar that is 17.54 percent who contributes to 43 percent of total revenue
churn percentage,emax,Maximum number of churned  customers are from  Qatar that is 91.91 percent and Minimum number of churned  customers are from Oman that is 86.72 percent
atv,emax,Highest increase of ATV is in Oman by 20.23 percent and Highest decrease of ATV is in UAE by 4.95 percent 
,,
,,--------------------------SUMMARY of FunCity -------------------------------
srp,funcity,Highest increase of SRP is in  by  percent and Highest decrease of SRP is in   by  percent
ams,funcity,Highest increase of AMS is in Bahrain by 10.74 percent and Highest decrease of AMS is in  UAE by 0.11 percent
high value revenue,funcity,Maximum revenue  generated by high value customer is 38.14 percent in Qatar and minimum revenue  generated by high value customer is 29.88 percent in Oman 
repeat customer percentage,funcity,Maximum Repeat customers are from Qatar that is 42.8 percent who contributes to 70 percent of total revenue and Minimum Repeat customers are from Oman that is 35.17 percent who contributes to 59 percent of total revenue
churn percentage,funcity,Maximum number of churned  customers are from  Kuwait that is 80.16 percent and Minimum number of churned  customers are from UAE that is 67.7 percent
atv,funcity,Highest increase of ATV is in Qatar by 8.38 percent and Highest decrease of ATV is in UAE by 1.28 percent 
,,
,,--------------------------SUMMARY of Iconic -------------------------------
srp,iconic,Highest increase of SRP is in Qatar by 12 percent and Highest decrease of SRP is in  KSA by 3 percent
ams,iconic,Highest increase of AMS is in Kuwait by 6.61 percent and Highest decrease of AMS is in  KSA by 9.04 percent
high value revenue,iconic,Maximum revenue  generated by high value customer is 39.58 percent in UAE and minimum revenue  generated by high value customer is 36.25 percent in KSA 
repeat customer percentage,iconic,Maximum Repeat customers are from KSA that is 23.87 percent who contributes to 44 percent of total revenue and Minimum Repeat customers are from Qatar that is 20.46 percent who contributes to 39 percent of total revenue
churn percentage,iconic,Maximum number of churned  customers are from  Qatar that is 88.05 percent and Minimum number of churned  customers are from UAE that is 86.1 percent
atv,iconic,Highest increase of ATV is in Qatar by 11.84 percent and Highest decrease of ATV is in KSA by 8.35 percent 
,,
,,--------------------------SUMMARY of Koton -------------------------------
srp,koton,Highest increase of SRP is in Qatar by 16 percent and Highest decrease of SRP is in  KSA by 14 percent
ams,koton,Highest increase of AMS is in Qatar by 15.92 percent and Highest decrease of AMS is in  OM by 33.84 percent
high value revenue,koton,Maximum revenue  generated by high value customer is 36.37 percent in Qatar and minimum revenue  generated by high value customer is 32.65 percent in Bahrain 
repeat customer percentage,koton,Maximum Repeat customers are from UAE that is 19.43 percent who contributes to 36 percent of total revenue and Minimum Repeat customers are from Bahrain that is 14.53 percent who contributes to 27 percent of total revenue
churn percentage,koton,Maximum number of churned  customers are from  Qatar that is 91.42 percent and Minimum number of churned  customers are from UAE that is 85.29 percent
atv,koton,Highest increase of ATV is in Qatar by 21.75 percent and Highest decrease of ATV is in Oman by 34.38 percent 
,,
,,--------------------------SUMMARY of New Look -------------------------------
srp,new look,Highest increase of SRP is in Bahrain by 10 percent and Highest decrease of SRP is in  KSA by 8 percent
ams,new look,Highest increase of AMS is in UAE by -25.19 percent and Highest decrease of AMS is in  Kuwait by 40.12 percent
high value revenue,new look,Maximum revenue  generated by high value customer is 36.13 percent in Kuwait and minimum revenue  generated by high value customer is 32.71 percent in Oman 
repeat customer percentage,new look,Maximum Repeat customers are from KSA that is 20.78 percent who contributes to 39 percent of total revenue and Minimum Repeat customers are from Oman that is 18.85 percent who contributes to 35 percent of total revenue
churn percentage,new look,Maximum number of churned  customers are from  Qatar that is 95.42 percent and Minimum number of churned  customers are from Bahrain that is 85.75 percent
atv,new look,Highest increase of ATV is in UAE by -16.56 percent and Highest decrease of ATV is in Qatar by 43.01 percent 
,,
,,--------------------------SUMMARY of Candelite -------------------------------
srp,candelite,Highest increase of SRP is in  by  percent and Highest decrease of SRP is in   by  percent
ams,candelite,Highest increase of AMS is in  by  percent and Highest decrease of AMS is in   by  percent
high value revenue,candelite,Maximum revenue  generated by high value customer is  percent in  and minimum revenue  generated by high value customer is  percent in  
repeat customer percentage,candelite,Maximum Repeat customers are from  that is  percent who contributes to  percent of total revenue and Minimum Repeat customers are from  that is  percent who contributes to  percent of total revenue
churn percentage,candelite,Maximum number of churned  customers are from   that is  percent and Minimum number of churned  customers are from  that is  percent
atv,candelite,Highest increase of ATV is in  by  percent and Highest decrease of ATV is in  by  percent 
,,
,,--------------------------SUMMARY of Home Box -------------------------------
srp,home box,Highest increase of SRP is in Bahrain by 5 percent and Highest decrease of SRP is in  UAE by 4 percent
ams,home box,Highest increase of AMS is in Bahrain by 27.11 percent and Highest decrease of AMS is in  KSA by 5.93 percent
high value revenue,home box,Maximum revenue  generated by high value customer is 69.44 percent in Bahrain and minimum revenue  generated by high value customer is 66.93 percent in UAE 
repeat customer percentage,home box,Maximum Repeat customers are from Bahrain that is 34.37 percent who contributes to 70 percent of total revenue and Minimum Repeat customers are from KSA that is 29.95 percent who contributes to 64 percent of total revenue
churn percentage,home box,Maximum number of churned  customers are from  KSA that is 84.61 percent and Minimum number of churned  customers are from Bahrain that is 73.26 percent
atv,home box,Highest increase of ATV is in Bahrain by 26.62 percent and Highest decrease of ATV is in KSA by 4.66 percent 
,,
,,--------------------------SUMMARY of Other Hospitality Division -------------------------------
srp,other hospitality division,Highest increase of SRP is in  by  percent and Highest decrease of SRP is in   by  percent
ams,other hospitality division,Highest increase of AMS is in Kuwait by 32.28 percent and Highest decrease of AMS is in  UAE by 2.02 percent
high value revenue,other hospitality division,Maximum revenue  generated by high value customer is 46.61 percent in UAE and minimum revenue  generated by high value customer is 30.39 percent in Bahrain 
repeat customer percentage,other hospitality division,Maximum Repeat customers are from UAE that is 25.07 percent who contributes to 52 percent of total revenue and Minimum Repeat customers are from Kuwait that is 19.8 percent who contributes to 40 percent of total revenue
churn percentage,other hospitality division,Maximum number of churned  customers are from  Kuwait that is 88.2 percent and Minimum number of churned  customers are from UAE that is 81.5 percent
atv,other hospitality division,Highest increase of ATV is in Kuwait by 15.23 percent and Highest decrease of ATV is in UAE by 2.55 percent 
,,
,,--------------------------SUMMARY of Lipsy -------------------------------
srp,lipsy,Highest increase of SRP is in Bahrain by 17 percent and Highest decrease of SRP is in  UAE by 6 percent
ams,lipsy,Highest increase of AMS is in Qatar by 9.29 percent and Highest decrease of AMS is in  UAE by 3.97 percent
high value revenue,lipsy,Maximum revenue  generated by high value customer is 28.23 percent in UAE and minimum revenue  generated by high value customer is 24.08 percent in Qatar 
repeat customer percentage,lipsy,Maximum Repeat customers are from UAE that is 11.42 percent who contributes to 23 percent of total revenue and Minimum Repeat customers are from Bahrain that is 10.12 percent who contributes to 20 percent of total revenue
churn percentage,lipsy,Maximum number of churned  customers are from  Bahrain that is 94.44 percent and Minimum number of churned  customers are from Qatar that is 92.18 percent
atv,lipsy,Highest increase of ATV is in Bahrain by 9.33 percent and Highest decrease of ATV is in UAE by 6.05 percent 
,,
,,--------------------------SUMMARY of Reiss -------------------------------
srp,reiss,Highest increase of SRP is in Qatar by 13 percent and Highest decrease of SRP is in  KSA by 1 percent
ams,reiss,Highest increase of AMS is in Qatar by 8.1 percent and Highest decrease of AMS is in  KSA by 14.43 percent
high value revenue,reiss,Maximum revenue  generated by high value customer is 37.19 percent in UAE and minimum revenue  generated by high value customer is 29.53 percent in Qatar 
repeat customer percentage,reiss,Maximum Repeat customers are from UAE that is 15.8 percent who contributes to 35 percent of total revenue and Minimum Repeat customers are from KSA that is 9.71 percent who contributes to 18 percent of total revenue
churn percentage,reiss,Maximum number of churned  customers are from  KSA that is 96.52 percent and Minimum number of churned  customers are from UAE that is 87.77 percent
atv,reiss,Highest increase of ATV is in Qatar by 8.92 percent and Highest decrease of ATV is in KSA by 9.31 percent 
,,
,,--------------------------SUMMARY of Sports One -------------------------------
srp,sports one,Highest increase of SRP is in KSA by -39 percent and Highest decrease of SRP is in  UAE by 41 percent
ams,sports one,Highest increase of AMS is in KSA by -30.19 percent and Highest decrease of AMS is in  UAE by 68.84 percent
high value revenue,sports one,Maximum revenue  generated by high value customer is  percent in  and minimum revenue  generated by high value customer is  percent in  
repeat customer percentage,sports one,Maximum Repeat customers are from  that is  percent who contributes to  percent of total revenue and Minimum Repeat customers are from  that is  percent who contributes to  percent of total revenue
churn percentage,sports one,Maximum number of churned  customers are from  KSA that is 100 percent and Minimum number of churned  customers are from KSA that is 100 percent
atv,sports one,Highest increase of ATV is in KSA by -0.66 percent and Highest decrease of ATV is in UAE by 56.03 percent 
,,
,,--------------------------SUMMARY of Yours London -------------------------------
srp,yours london,Highest increase of SRP is in Qatar by 12 percent and Highest decrease of SRP is in  KSA by 0 percent
ams,yours london,Highest increase of AMS is in Qatar by 9.03 percent and Highest decrease of AMS is in  Bahrain by 23.54 percent
high value revenue,yours london,Maximum revenue  generated by high value customer is 35.64 percent in UAE and minimum revenue  generated by high value customer is 31.71 percent in Bahrain 
repeat customer percentage,yours london,Maximum Repeat customers are from Bahrain that is 21.7 percent who contributes to 38 percent of total revenue and Minimum Repeat customers are from KSA that is 15.08 percent who contributes to 29 percent of total revenue
churn percentage,yours london,Maximum number of churned  customers are from  KSA that is 93.93 percent and Minimum number of churned  customers are from Qatar that is 84.72 percent
atv,yours london,Highest increase of ATV is in KSA by 11.49 percent and Highest decrease of ATV is in Bahrain by 20.8 percent 
,,
,,--------------------------SUMMARY of iCARE CLINICS -------------------------------
srp,icare clinics,Highest increase of SRP is in  by  percent and Highest decrease of SRP is in   by  percent
ams,icare clinics,Highest increase of AMS is in  by  percent and Highest decrease of AMS is in   by  percent
high value revenue,icare clinics,Maximum revenue  generated by high value customer is  percent in  and minimum revenue  generated by high value customer is  percent in  
repeat customer percentage,icare clinics,Maximum Repeat customers are from  that is  percent who contributes to  percent of total revenue and Minimum Repeat customers are from  that is  percent who contributes to  percent of total revenue
churn percentage,icare clinics,Maximum number of churned  customers are from   that is  percent and Minimum number of churned  customers are from  that is  percent
atv,icare clinics,Highest increase of ATV is in  by  percent and Highest decrease of ATV is in  by  percent 
,,
,,
,,--------------------------SUMMARY of Sarah -------------------------------
srp,sarah,Highest increase of SRP is in Bahrain by 13 percent and Highest decrease of SRP is in  Bahrain by 13 percent
ams,sarah,Highest increase of AMS is in Bahrain by 7.47 percent and Highest decrease of AMS is in  Bahrain by 7.47 percent
high value revenue,sarah,Maximum revenue  generated by high value customer is 29.13 percent in Bahrain and minimum revenue  generated by high value customer is 29.13 percent in Bahrain 
repeat customer percentage,sarah,Maximum Repeat customers are from Bahrain that is 15.27 percent who contributes to 27 percent of total revenue and Minimum Repeat customers are from Bahrain that is 15.27 percent who contributes to 27 percent of total revenue
churn percentage,sarah,Maximum number of churned  customers are from  Bahrain that is 84.74 percent and Minimum number of churned  customers are from Bahrain that is 84.74 percent
atv,sarah,Highest increase of ATV is in Bahrain by 7.17 percent and Highest decrease of ATV is in Bahrain by 7.17 percent 
,,
,,--------------------------SUMMARY of Foodmark -------------------------------
srp,food mark,Highest increase of SRP is in  by  percent and Highest decrease of SRP is in   by  percent
ams,food mark,Highest increase of AMS is in KSA by 22.24 percent and Highest decrease of AMS is in  KSA by 22.24 percent
high value revenue,food mark,Maximum revenue  generated by high value customer is 31.22 percent in KSA and minimum revenue  generated by high value customer is 31.22 percent in KSA 
repeat customer percentage,food mark,Maximum Repeat customers are from KSA that is 16.58 percent who contributes to 34 percent of total revenue and Minimum Repeat customers are from KSA that is 16.58 percent who contributes to 34 percent of total revenue
churn percentage,food mark,Maximum number of churned  customers are from  KSA that is 95.48 percent and Minimum number of churned  customers are from KSA that is 95.48 percent
atv,food mark,Highest increase of ATV is in KSA by 4.01 percent and Highest decrease of ATV is in KSA by 4.01 percent 
,,
,,--------------------------SUMMARY of Hospitality Division Total -------------------------------
srp,hospitality division total,Highest increase of SRP is in  by  percent and Highest decrease of SRP is in   by  percent
ams,hospitality division total,Highest increase of AMS is in Oman by 5.22 percent and Highest decrease of AMS is in  KSA by 49.11 percent
high value revenue,hospitality division total,Maximum revenue  generated by high value customer is 90.44 percent in KSA and minimum revenue  generated by high value customer is 0.7 percent in Oman 
repeat customer percentage,hospitality division total,Minimum Repeat customers are from KSA that is 19.75 percent who contributes to 35 percent of total revenue
churn percentage,hospitality division total,Maximum number of churned  customers are from  KSA that is 94.4 percent and Minimum number of churned  customers are from Oman that is 68.45 percent
atv,hospitality division total,Highest increase of ATV is in Oman by 6.52 percent and Highest decrease of ATV is in Bahrain by 31.34 percent 
