yuriai,uae
uae,uae
you,uae
U A E,uae
urine,uae
hindi,uae
ua,uae
uei,uae
uidai,uae
parent,bahrain
rain,bahrain
bahrain,bahrain
buying,bahrain
,
,
egypt,egypt
is it,egypt
reject,egypt
fidget,egypt
jet,egypt
get,egypt
gift,egypt
project,egypt
,
overall,all
all,all
ks,ksa
mum,ksa
damam,ksa
jiddah,ksa
riyadh,ksa
ksa,ksa
dammam,ksa
the map,ksa
Jeddah,ksa
dhamaal,ksa
the mum,ksa
damoh,ksa
dam,ksa
dum,ksa
kfc,ksa
say,ksa
wait,kuwait
kuwait,kuwait
,
lebanon,lebanon
non,lebanon
,
oman,oman
man,oman
women,oman
,
qatar,qatar
tar,qatar
pathar,qatar
kuta,qatar
katha,qatar
